"Pietramontecorvino","FG"
"Pietranico","PE"
"Pietrapaola","CS"
"Pietrapertosa","PZ"
"Pietraperzia","EN"
"Pietraporzio","CN"
"Pietraroja","BN"
"Pietrarubbia","PU"
"Pietrasanta","LU"
"Pietrastornina","AV"
"Pietravairano","CE"
"Pietrelcina","BN"
"Pieve a Nievole","PT"
"Pieve Albignola","PV"
"Pieve d'Alpago","BL"
"Pieve del Cairo","PV"
"Pieve di Bono","TN"
"Pieve di Cadore","BL"
"Pieve di Cento","BO"
"Pieve di Coriano","MN"
"Pieve di Soligo","TV"
"Pieve di Teco","IM"
"Pieve d'Olmi","CR"
"Pieve Emanuele","MI"
"Pieve Fissiraga","LO"
"Pieve Fosciana","LU"
"Pieve Ligure","GE"
"Pieve Porto Morone","PV"
"Pieve San Giacomo","CR"
"Pieve Santo Stefano","AR"
"Pieve Tesino","TN"
"Pieve Torina","MC"
"Pieve Vergonte","VB"
"Pievebovigliana","MC"
"Pievepelago","MO"
"Piglio","FR"
"Pigna","IM"
"Pignataro Interamna","FR"
"Pignataro Maggiore","CE"
"Pignola","PZ"
"Pignone","SP"
"Pigra","CO"
"Pila","VC"
"Pimentel","CA"
"Pimonte","NA"
"Pinarolo Po","PV"
"Pinasca","TO"
"Pincara","RO"
"Pinerolo","TO"
"Pineto","TE"
"Pino d'Asti","AT"
"Pino sulla Sponda del Lago Maggiore","VA"
"Pino Torinese","TO"
"Pinzano al Tagliamento","PN"
"Pinzolo","TN"
"Piobbico","PU"
"Piobesi d'Alba","CN"
"Piobesi Torinese","TO"
"Piode","VC"
"Pioltello","MI"
"Piombino","LI"
"Piombino Dese","PD"
"Pioraco","MC"
"Piossasco","TO"
"Piovà Massaia","AT"
"Piove di Sacco","PD"
"Piovene Rocchette","VI"
"Piovera","AL"
"Piozzano","PC"
"Piozzo","CN"
"Piraino","ME"
"Pisa","PI"
"Pisano","NO"
"Piscina","TO"
"Piscinas","CI"
"Pisciotta","SA"
"Pisogne","BS"
"Pisoniano","RM"
"Pisticci","MT"
"Pistoia","PT"
"Piteglio","PT"
"Pitigliano","GR"
"Piubega","MN"
"Piuro","SO"
"Piverone","TO"
"Pizzale","PV"
"Pizzighettone","CR"
"Pizzo","VV"
"Pizzoferrato","CH"
"Pizzoli","AQ"
"Pizzone","IS"
"Pizzoni","VV"
"Placanica","RC"
"Plataci","CS"
"Platania","CZ"
"Platì","RC"
"Plaus","BZ"
"Plesio","CO"
"Ploaghe","SS"
"Plodio","SV"
"Pocapaglia","CN"
"Pocenia","UD"
"Podenzana","MS"
"Podenzano","PC"
"Pofi","FR"
"Poggiardo","LE"
"Poggibonsi","SI"
"Poggio a Caiano","PO"
"Poggio Berni","RN"
"Poggio Bustone","RI"
"Poggio Catino","RI"
"Poggio Imperiale","FG"
"Poggio Mirteto","RI"
"Poggio Moiano","RI"
"Poggio Nativo","RI"
"Poggio Picenze","AQ"
"Poggio Renatico","FE"
"Poggio Rusco","MN"
"Poggio San Lorenzo","RI"
"Poggio San Marcello","AN"
"Poggio San Vicino","MC"
"Poggio Sannita","IS"
"Poggiodomo","PG"
"Poggiofiorito","CH"
"Poggiomarino","NA"
"Poggioreale","TP"
"Poggiorsini","BA"
"Poggiridenti","SO"
"Pogliano Milanese","MI"
"Pognana Lario","CO"
"Pognano","BG"
"Pogno","NO"
"Poirino","TO"
"Pojana Maggiore","VI"
"Polaveno","BS"
"Polcenigo","PN"
"Polesella","RO"
"Polesine Parmense","PR"
"Poli","RM"
"Polia","VV"
"Policoro","MT"
"Polignano a Mare","BA"
"Polinago","MO"
"Polino","TR"
"Polistena","RC"
"Polizzi Generosa","PA"
"Polla","SA"
"Pollein","AO"
"Pollena Trocchia","NA"
"Pollenza","MC"
"Pollica","SA"
"Pollina","PA"
"Pollone","BI"
"Pollutri","CH"
"Polonghera","CN"
"Polpenazze del Garda","BS"
"Polverara","PD"
"Polverigi","AN"
"Pomarance","PI"
"Pomaretto","TO"
"Pomarico","MT"
"Pomaro Monferrato","AL"
"Pomarolo","TN"
"Pombia","NO"
"Pomezia","RM"
"Pomigliano d'Arco","NA"
"Pompei","NA"
"Pompeiana","IM"
"Pompiano","BS"
"Pomponesco","MN"
"Pompu","OR"
"Poncarale","BS"
"Ponderano","BI"
"Ponna","CO"
"Ponsacco","PI"
"Ponso","PD"
"Pontassieve","FI"
"Pontboset","AO"
"Pont-Canavese","TO"
"Ponte","BN"
"Ponte Buggianese","PT"
"Ponte dell'Olio","PC"
"Ponte di Legno","BS"
"Ponte di Piave","TV"
"Ponte Gardena","BZ"
"Ponte in Valtellina","SO"
"Ponte Lambro","CO"
"Ponte nelle Alpi","BL"
"Ponte Nizza","PV"
"Ponte Nossa","BG"
"Ponte San Nicolò","PD"
"Ponte San Pietro","BG"
"Pontebba","UD"
"Pontecagnano Faiano","SA"
"Pontecchio Polesine","RO"
"Pontechianale","CN"
"Pontecorvo","FR"
"Pontecurone","AL"
"Pontedassio","IM"
"Pontedera","PI"
"Pontelandolfo","BN"
"Pontelatone","CE"
"Pontelongo","PD"
"Pontenure","PC"
"Ponteranica","BG"
"Pontestura","AL"
"Pontevico","BS"
"Pontey","AO"
"Ponti","AL"
"Ponti sul Mincio","MN"
"Pontida","BG"
"Pontinia","LT"
"Pontinvrea","SV"
"Pontirolo Nuovo","BG"
"Pontoglio","BS"
"Pontremoli","MS"
"Pont-Saint-Martin","AO"
"Ponza","LT"
"Ponzano di Fermo","FM"
"Ponzano Monferrato","AL"
"Ponzano Romano","RM"
"Ponzano Veneto","TV"
"Ponzone","AL"
"Popoli","PE"
"Poppi","AR"
"Porano","TR"
"Porcari","LU"
"Porcia","PN"
"Pordenone","PN"
"Porlezza","CO"
"Pornassio","IM"
"Porpetto","UD"
"Porretta Terme","BO"
"Portacomaro","AT"
"Portalbera","PV"
"Porte","TO"
"Portici","NA"
"Portico di Caserta","CE"
"Portico e San Benedetto","FC"
"Portigliola","RC"
"Porto Azzurro","LI"
"Porto Ceresio","VA"
"Porto Cesareo","LE"
"Porto Empedocle","AG"
"Porto Mantovano","MN"
"Porto Recanati","MC"
"Porto San Giorgio","FM"
"Porto Sant'Elpidio","FM"
"Porto Tolle","RO"
"Porto Torres","SS"
"Porto Valtravaglia","VA"
"Porto Viro","RO"
"Portobuffolè","TV"
"Portocannone","CB"
"Portoferraio","LI"
"Portofino","GE"
"Portogruaro","VE"
"Portomaggiore","FE"
"Portopalo di Capo Passero","SR"
"Portoscuso","CI"
"Portovenere","SP"
"Portula","BI"
"Posada","NU"
"Posina","VI"
"Positano","SA"
"Possagno","TV"
"Posta","RI"
"Posta Fibreno","FR"
"Postal","BZ"
"Postalesio","SO"
"Postiglione","SA"
"Postua","VC"
"Potenza","PZ"
"Potenza Picena","MC"
"Pove del Grappa","VI"
"Povegliano","TV"
"Povegliano Veronese","VR"
"Poviglio","RE"
"Povoletto","UD"
"Pozza di Fassa","TN"
"Pozzaglia Sabina","RI"
"Pozzaglio ed Uniti","CR"
"Pozzallo","RG"
"Pozzilli","IS"
"Pozzo d'Adda","MI"
"Pozzol Groppo","AL"
"Pozzolengo","BS"
"Pozzoleone","VI"
"Pozzolo Formigaro","AL"
"Pozzomaggiore","SS"
"Pozzonovo","PD"
"Pozzuoli","NA"
"Pozzuolo del Friuli","UD"
"Pozzuolo Martesana","MI"
"Pradalunga","BG"
"Pradamano","UD"
"Pradleves","CN"
"Pragelato","TO"
"Praia a Mare","CS"
"Praiano","SA"
"Pralboino","BS"
"Prali","TO"
"Pralormo","TO"
"Pralungo","BI"
"Pramaggiore","VE"
"Pramollo","TO"
"Prarolo","VC"
"Prarostino","TO"
"Prasco","AL"
"Prascorsano","TO"
"Praso","TN"
"Prata Camportaccio","SO"
"Prata d'Ansidonia","AQ"
"Prata di Pordenone","PN"
"Prata di Principato Ultra","AV"
"Prata Sannita","CE"
"Pratella","CE"
"Pratiglione","TO"
"Prato","PO"
"Prato allo Stelvio","BZ"
"Prato Carnico","UD"
"Prato Sesia","NO"
"Pratola Peligna","AQ"
"Pratola Serra","AV"
"Pratovecchio","AR"
"Pravisdomini","PN"
"Pray","BI"
"Prazzo","CN"
"Precenicco","UD"
"Preci","PG"
"Predappio","FC"
"Predazzo","TN"
"Predoi","BZ"
"Predore","BG"
"Predosa","AL"
"Preganziol","TV"
"Pregnana Milanese","MI"
"Prelà","IM"
"Premana","LC"
"Premariacco","UD"
"Premeno","VB"
"Premia","VB"
"Premilcuore","FC"
"Premolo","BG"
"Premosello-Chiovenda","VB"
"Preone","UD"
"Preore","TN"
"Prepotto","UD"
"Prè-Saint-Didier","AO"
"Preseglie","BS"
"Presenzano","CE"
"Presezzo","BG"
"Presicce","LE"
"Pressana","VR"
"Prestine","BS"
"Pretoro","CH"
"Prevalle","BS"
"Prezza","AQ"
"Prezzo","TN"
"Priero","CN"
"Prignano Cilento","SA"
"Prignano sulla Secchia","MO"
"Primaluna","LC"
"Priocca","CN"
"Priola","CN"
"Priolo Gargallo","SR"
"Priverno","LT"
"Prizzi","PA"
"Proceno","VT"
"Procida","NA"
"Propata","GE"
"Proserpio","CO"
"Prossedi","LT"
"Provaglio d'Iseo","BS"
"Provaglio Val Sabbia","BS"
"Proves","BZ"
"Provvidenti","CB"
"Prunetto","CN"
"Puegnago sul Garda","BS"
"Puglianello","BN"
"Pula","CA"
"Pulfero","UD"
"Pulsano","TA"
"Pumenengo","BG"
"Puos d'Alpago","BL"
"Pusiano","CO"
"Putifigari","SS"
"Putignano","BA"
"Quadrelle","AV"
"Quadri","CH"
"Quagliuzzo","TO"
"Qualiano","NA"
"Quaranti","AT"
"Quaregna","BI"
"Quargnento","AL"
"Quarna Sopra","VB"
"Quarna Sotto","VB"
"Quarona","VC"
"Quarrata","PT"
"Quart","AO"
"Quarto","NA"
"Quarto d'Altino","VE"
"Quartu Sant'Elena","CA"
"Quartucciu","CA"
"Quassolo","TO"
"Quattordio","AL"
"Quattro Castella","RE"
"Quero","BL"
"Quiliano","SV"
"Quincinetto","TO"
"Quindici","AV"
"Quingentole","MN"
"Quintano","CR"
"Quinto di Treviso","TV"
"Quinto Vercellese","VC"
"Quinto Vicentino","VI"
"Quinzano d'Oglio","BS"
"Quistello","MN"
"Quittengo","BI"
"Rabbi","TN"
"Racale","LE"
"Racalmuto","AG"
"Racconigi","CN"
"Raccuja","ME"
"Racines","BZ"
"Radda in Chianti","SI"
"Raddusa","CT"
"Radicofani","SI"
"Radicondoli","SI"
"Raffadali","AG"
"Ragalna","CT"
"Ragogna","UD"
"Ragoli","TN"
"Ragusa","RG"
"Raiano","AQ"
"Ramacca","CT"
"Ramiseto","RE"
"Ramponio Verna","CO"
"Rancio Valcuvia","VA"
"Ranco","VA"
"Randazzo","CT"
"Ranica","BG"
"Ranzanico","BG"
"Ranzo","IM"
"Rapagnano","FM"
"Rapallo","GE"
"Rapino","CH"
"Rapolano Terme","SI"
"Rapolla","PZ"
"Rapone","PZ"
"Rassa","VC"
"Rasun Anterselva","BZ"
"Rasura","SO"
"Ravanusa","AG"
"Ravarino","MO"
"Ravascletto","UD"
"Ravello","SA"
"Ravenna","RA"
"Raveo","UD"
"Raviscanina","CE"
"Re","VB"
"Rea","PV"
"Realmonte","AG"
"Reana del Rojale","UD"
"Reano","TO"
"Recale","CE"
"Recanati","MC"
"Recco","GE"
"Recetto","NO"
"Recoaro Terme","VI"
"Redavalle","PV"
"Redondesco","MN"
"Refrancore","AT"
"Refrontolo","TV"
"Regalbuto","EN"
"Reggello","FI"
"Reggio Calabria","RC"
"Reggio Emilia","RE"
"Reggiolo","RE"
"Reino","BN"
"Reitano","ME"
"Remanzacco","UD"
"Remedello","BS"
"Renate","MB"
"Rende","CS"
"Renon","BZ"
"Resana","TV"
"Rescaldina","MI"
"Resia","UD"
"Resiutta","UD"
"Resuttano","CL"
"Retorbido","PV"
"Revello","CN"
"Revere","MN"
"Revigliasco d'Asti","AT"
"Revine Lago","TV"
"Revò","TN"
"Rezzago","CO"
"Rezzato","BS"
"Rezzo","IM"
"Rezzoaglio","GE"
"Rhemes-Notre-Dame","AO"
"Rhemes-Saint-Georges","AO"
"Rho","MI"
"Riace","RC"
"Rialto","SV"
"Riano","RM"
"Riardo","CE"
"Ribera","AG"
"Ribordone","TO"
"Ricadi","VV"
"Ricaldone","AL"
"Riccia","CB"
"Riccione","RN"
"Riccò del Golfo di Spezia","SP"
"Ricengo","CR"
"Ricigliano","SA"
"Riese Pio X","TV"
"Riesi","CL"
"Rieti","RI"
"Rifiano","BZ"
"Rifreddo","CN"
"Rignano Flaminio","RM"
"Rignano Garganico","FG"
"Rignano sull'Arno","FI"
"Rigolato","UD"
"Rima San Giuseppe","VC"
"Rimasco","VC"
"Rimella","VC"
"Rimini","RN"
"Rio di Pusteria","BZ"
"Rio Marina","LI"
"Rio nell'Elba","LI"
"Rio Saliceto","RE"
"Riofreddo","RM"
"Riola Sardo","OR"
"Riolo Terme","RA"
"Riolunato","MO"
"Riomaggiore","SP"
"Rionero in Vulture","PZ"
"Rionero Sannitico","IS"
"Ripa Teatina","CH"
"Ripabottoni","CB"
"Ripacandida","PZ"
"Ripalimosani","CB"
"Ripalta Arpina","CR"
"Ripalta Cremasca","CR"
"Ripalta Guerina","CR"
"Riparbella","PI"
"Ripatransone","AP"
"Ripe","AN"
"Ripe San Ginesio","MC"
"Ripi","FR"
"Riposto","CT"
"Rittana","CN"
"Riva del Garda","TN"
"Riva di Solto","BG"
"Riva Ligure","IM"
"Riva Presso Chieri","TO"
"Riva Valdobbia","VC"
"Rivalba","TO"
"Rivalta Bormida","AL"
"Rivalta di Torino","TO"
"Rivamonte Agordino","BL"
"Rivanazzano Terme","PV"
"Rivara","TO"
"Rivarolo Canavese","TO"
"Rivarolo del Re ed Uniti","CR"
"Rivarolo Mantovano","MN"
"Rivarone","AL"
"Rivarossa","TO"
"Rive","VC"
"Rive D'Arcano","UD"
"Rivello","PZ"
"Rivergaro","PC"
"Rivignano","UD"
"Rivisondoli","AQ"
"Rivodutri","RI"
"Rivoli","TO"
"Rivoli Veronese","VR"
"Rivolta d'Adda","CR"
"Rizziconi","RC"
"Ro","FE"
"Roana","VI"
"Roaschia","CN"
"Roascio","CN"
"Roasio","VC"
"Roatto","AT"
"Robassomero","TO"
"Robbiate","LC"
"Robbio","PV"
"Robecchetto con Induno","MI"
"Robecco d'Oglio","CR"
"Robecco Pavese","PV"
"Robecco sul Naviglio","MI"
"Robella","AT"
"Robilante","CN"
"Roburent","CN"
"Rocca Canavese","TO"
"Rocca Canterano","RM"
"Rocca Cigliè","CN"
"Rocca d'Arazzo","AT"
"Rocca d'Arce","FR"
"Rocca de' Baldi","CN"
"Rocca de' Giorgi","PV"
"Rocca D'Evandro","CE"
"Rocca di Botte","AQ"
"Rocca di Cambio","AQ"
"Rocca di Cave","RM"
"Rocca di Mezzo","AQ"
"Rocca di Neto","KR"
"Rocca di Papa","RM"
"Rocca Grimalda","AL"
"Rocca Imperiale","CS"
"Rocca Massima","LT"
"Rocca Pia","AQ"
"Rocca Pietore","BL"
"Rocca Priora","RM"
"Rocca San Casciano","FC"
"Rocca San Felice","AV"
"Rocca San Giovanni","CH"
"Rocca Santa Maria","TE"
"Rocca Santo Stefano","RM"
"Rocca Sinibalda","RI"
"Rocca Susella","PV"
"Roccabascerana","AV"
"Roccabernarda","KR"
"Roccabianca","PR"
"Roccabruna","CN"
"Roccacasale","AQ"
"Roccadaspide","SA"
"Roccafiorita","ME"
"Roccafluvione","AP"
"Roccaforte del Greco","RC"
"Roccaforte Ligure","AL"
"Roccaforte Mondovì","CN"
"Roccaforzata","TA"
"Roccafranca","BS"
"Roccagiovine","RM"
"Roccagloriosa","SA"
"Roccagorga","LT"
"Roccalbegna","GR"
"Roccalumera","ME"
"Roccamandolfi","IS"
"Roccamena","PA"
"Roccamonfina","CE"
"Roccamontepiano","CH"
"Roccamorice","PE"
"Roccanova","PZ"
"Roccantica","RI"
"Roccapalumba","PA"
"Roccapiemonte","SA"
"Roccarainola","NA"
"Roccaraso","AQ"
"Roccaromana","CE"
"Roccascalegna","CH"
"Roccasecca","FR"
"Roccasecca dei Volsci","LT"
"Roccasicura","IS"
"Roccasparvera","CN"
"Roccaspinalveti","CH"
"Roccastrada","GR"
"Roccavaldina","ME"
"Roccaverano","AT"
"Roccavignale","SV"
"Roccavione","CN"
"Roccavivara","CB"
"Roccella Ionica","RC"
"Roccella Valdemone","ME"
"Rocchetta a Volturno","IS"
"Rocchetta Belbo","CN"
"Rocchetta di Vara","SP"
"Rocchetta e Croce","CE"
"Rocchetta Ligure","AL"
"Rocchetta Nervina","IM"
"Rocchetta Palafea","AT"
"Rocchetta Sant'Antonio","FG"
"Rocchetta Tanaro","AT"
"Rodano","MI"
"Roddi","CN"
"Roddino","CN"
"Rodello","CN"
"Rodengo","BZ"
"Rodengo Saiano","BS"
"Rodero","CO"
"Rodi Garganico","FG"
"Rodì Milici","ME"
"Rodigo","MN"
"Roè Volciano","BS"
"Rofrano","SA"
"Rogeno","LC"
"Roggiano Gravina","CS"
"Roghudi","RC"
"Rogliano","CS"
"Rognano","PV"
"Rogno","BG"
"Rogolo","SO"
"Roiate","RM"
"Roio del Sangro","CH"
"Roisan","AO"
"Roletto","TO"
"Rolo","RE"
"Roma","RM"
"Romagnano al Monte","SA"
"Romagnano Sesia","NO"
"Romagnese","PV"
"Romallo","TN"
"Romana","SS"
"Romanengo","CR"
"Romano Canavese","TO"
"Romano d'Ezzelino","VI"
"Romano di Lombardia","BG"
"Romans d'Isonzo","GO"
"Rombiolo","VV"
"Romeno","TN"
"Romentino","NO"
"Rometta","ME"
"Ronago","CO"
"Roncà","VR"
"Roncade","TV"
"Roncadelle","BS"
"Roncaro","PV"
"Roncegno Terme","TN"
"Roncello","MB"
"Ronchi dei Legionari","GO"
"Ronchi Valsugana","TN"
"Ronchis","UD"
"Ronciglione","VT"
"Ronco all'Adige","VR"
"Ronco Biellese","BI"
"Ronco Briantino","MB"
"Ronco Canavese","TO"
"Ronco Scrivia","GE"
"Roncobello","BG"
"Roncoferraro","MN"
"Roncofreddo","FC"
"Roncola","BG"
"Roncone","TN"
"Rondanina","GE"
"Rondissone","TO"
"Ronsecco","VC"
"Ronzo-Chienis","TN"
"Ronzone","TN"
"Roppolo","BI"
"Rorà","TO"
"Rosà","VI"
"Rosarno","RC"
"Rosasco","PV"
"Rosate","MI"
"Rosazza","BI"
"Rosciano","PE"
"Roscigno","SA"
"Rose","CS"
"Rosello","CH"
"Roseto Capo Spulico","CS"
"Roseto degli Abruzzi","TE"
"Roseto Valfortore","FG"
"Rosignano Marittimo","LI"
"Rosignano Monferrato","AL"
"Rosolina","RO"
"Rosolini","SR"
"Rosora","AN"
"Rossa","VC"
"Rossana","CN"
"Rossano","CS"
"Rossano Veneto","VI"
"Rossiglione","GE"
"Rosta","TO"
"Rota d'Imagna","BG"
"Rota Greca","CS"
"Rotella","AP"
"Rotello","CB"
"Rotonda","PZ"
"Rotondella","MT"
"Rotondi","AV"
"Rottofreno","PC"
"Rotzo","VI"
"Roure","TO"
"Rovagnate","LC"
"Rovasenda","VC"
"Rovato","BS"
"Rovegno","GE"
"Rovellasca","CO"
"Rovello Porro","CO"
"Roverbella","MN"
"Roverchiara","VR"
"Roverè della Luna","TN"
"Roverè Veronese","VR"
"Roveredo di Guà","VR"
"Roveredo in Piano","PN"
"Rovereto","TN"
"Rovescala","PV"
"Rovetta","BG"
"Roviano","RM"
"Rovigo","RO"
"Rovito","CS"
"Rovolon","PD"
"Rozzano","MI"
"Rubano","PD"
"Rubiana","TO"
"Rubiera","RE"
"Ruda","UD"
"Rudiano","BS"
"Rueglio","TO"
"Ruffano","LE"
"Ruffia","CN"
"Ruffrè-Mendola","TN"
"Rufina","FI"
"Ruinas","OR"
"Ruino","PV"
"Rumo","TN"
"Ruoti","PZ"
"Russi","RA"
"Rutigliano","BA"
"Rutino","SA"
"Ruviano","CE"
"Ruvo del Monte","PZ"
"Ruvo di Puglia","BA"
"Sabaudia","LT"
"Sabbia","VC"
"Sabbio Chiese","BS"
"Sabbioneta","MN"
"Sacco","SA"
"Saccolongo","PD"
"Sacile","PN"
"Sacrofano","RM"
"Sadali","CA"
"Sagama","OR"
"Sagliano Micca","BI"
"Sagrado","GO"
"Sagron Mis","TN"
"Saint-Christophe","AO"
"Saint-Denis","AO"
"Saint-Marcel","AO"
"Saint-Nicolas","AO"
"Saint-Oyen","AO"
"Saint-Pierre","AO"
"Saint-Rhémy-en-Bosses","AO"
"Saint-Vincent","AO"
"Sala Baganza","PR"
"Sala Biellese","BI"
"Sala Bolognese","BO"
"Sala Comacina","CO"
"Sala Consilina","SA"
"Sala Monferrato","AL"
"Salandra","MT"
"Salaparuta","TP"
"Salara","RO"
"Salasco","VC"
"Salassa","TO"
"Salbertrand","TO"
"Salcedo","VI"
"Salcito","CB"
"Sale","AL"
"Sale delle Langhe","CN"
"Sale Marasino","BS"
"Sale San Giovanni","CN"
"Salemi","TP"
"Salento","SA"
"Salerano Canavese","TO"
"Salerano sul Lambro","LO"
"Salerno","SA"
"Saletto","PD"
"Salgareda","TV"
"Sali Vercellese","VC"
"Salice Salentino","LE"
"Saliceto","CN"
"Salisano","RI"
"Salizzole","VR"
"Salle","PE"
"Salmour","CN"
"Salò","BS"
"Salorno","BZ"
"Salsomaggiore Terme","PR"
"Saltara","PU"
"Saltrio","VA"
"Saludecio","RN"
"Saluggia","VC"
"Salussola","BI"
"Saluzzo","CN"
"Salve","LE"
"Salvirola","CR"
"Salvitelle","SA"
"Salza di Pinerolo","TO"
"Salza Irpina","AV"
"Salzano","VE"
"Samarate","VA"
"Samassi","VS"
"Samatzai","CA"
"Sambuca di Sicilia","AG"
"Sambuca Pistoiese","PT"
"Sambuci","RM"
"Sambuco","CN"
"Sammichele di Bari","BA"
"Samo","RC"
"Samolaco","SO"
"Samone","TO"
"Samone","TN"
"Sampeyre","CN"
"Samugheo","OR"
"San Bartolomeo al Mare","IM"
"San Bartolomeo in Galdo","BN"
"San Bartolomeo Val Cavargna","CO"
"San Basile","CS"
"San Basilio","CA"
"San Bassano","CR"
"San Bellino","RO"
"San Benedetto Belbo","CN"
"San Benedetto dei Marsi","AQ"
"San Benedetto del Tronto","AP"
"San Benedetto in Perillis","AQ"
"San Benedetto Po","MN"
"San Benedetto Ullano","CS"
"San Benedetto Val di Sambro","BO"
"San Benigno Canavese","TO"
"San Bernardino Verbano","VB"
"San Biagio della Cima","IM"
"San Biagio di Callalta","TV"
"San Biagio Platani","AG"
"San Biagio Saracinisco","FR"
"San Biase","CB"
"San Bonifacio","VR"
"San Buono","CH"
"San Calogero","VV"
"San Candido","BZ"
"San Canzian d'Isonzo","GO"
"San Carlo Canavese","TO"
"San Casciano dei Bagni","SI"
"San Casciano in Val di Pesa","FI"
"San Cassiano","LE"
"San Cataldo","CL"
"San Cesareo","RM"
"San Cesario di Lecce","LE"
"San Cesario sul Panaro","MO"
"San Chirico Nuovo","PZ"
"San Chirico Raparo","PZ"
"San Cipirello","PA"
"San Cipriano d'Aversa","CE"
"San Cipriano Picentino","SA"
"San Cipriano Po","PV"
"San Clemente","RN"
"San Colombano al Lambro","MI"
"San Colombano Belmonte","TO"
"San Colombano Certenoli","GE"
"San Cono","CT"
"San Cosmo Albanese","CS"
"San Costantino Albanese","PZ"
"San Costantino Calabro","VV"
"San Costanzo","PU"
"San Cristoforo","AL"
"San Damiano al Colle","PV"
"San Damiano d'Asti","AT"
"San Damiano Macra","CN"
"San Daniele del Friuli","UD"
"San Daniele Po","CR"
"San Demetrio Corone","CS"
"San Demetrio ne' Vestini","AQ"
"San Didero","TO"
"San Donà di Piave","VE"
"San Donaci","BR"
"San Donato di Lecce","LE"
"San Donato di Ninea","CS"
"San Donato Milanese","MI"
"San Donato Val di Comino","FR"
"San Dorligo della Valle - Dolina","TS"
"San Fedele Intelvi","CO"
"San Fele","PZ"
"San Felice a Cancello","CE"
"San Felice Circeo","LT"
"San Felice del Benaco","BS"
"San Felice del Molise","CB"
"San Felice sul Panaro","MO"
"San Ferdinando","RC"
"San Ferdinando di Puglia","BT"
"San Fermo della Battaglia","CO"
"San Fili","CS"
"San Filippo del Mela","ME"
"San Fior","TV"
"San Fiorano","LO"
"San Floriano del Collio","GO"
"San Floro","CZ"
"San Francesco al Campo","TO"
"San Fratello","ME"
"San Gavino Monreale","VS"
"San Gemini","TR"
"San Genesio Atesino","BZ"
"San Genesio ed Uniti","PV"
"San Gennaro Vesuviano","NA"
"San Germano Chisone","TO"
"San Germano dei Berici","VI"
"San Germano Vercellese","VC"
"San Gervasio Bresciano","BS"
"San Giacomo degli Schiavoni","CB"
"San Giacomo delle Segnate","MN"
"San Giacomo Filippo","SO"
"San Giacomo Vercellese","VC"
"San Gillio","TO"
"San Gimignano","SI"
"San Ginesio","MC"
"San Giorgio a Cremano","NA"
"San Giorgio a Liri","FR"
"San Giorgio Albanese","CS"
"San Giorgio Canavese","TO"
"San Giorgio del Sannio","BN"
"San Giorgio della Richinvelda","PN"
"San Giorgio delle Pertiche","PD"
"San Giorgio di Lomellina","PV"
"San Giorgio di Mantova","MN"
"San Giorgio di Nogaro","UD"
"San Giorgio di Pesaro","PU"
"San Giorgio di Piano","BO"
"San Giorgio in Bosco","PD"
"San Giorgio Ionico","TA"
"San Giorgio La Molara","BN"
"San Giorgio Lucano","MT"
"San Giorgio Monferrato","AL"
"San Giorgio Morgeto","RC"
"San Giorgio Piacentino","PC"
"San Giorgio Scarampi","AT"
"San Giorgio su Legnano","MI"
"San Giorio di Susa","TO"
"San Giovanni a Piro","SA"
"San Giovanni al Natisone","UD"
"San Giovanni Bianco","BG"
"San Giovanni d'Asso","SI"
"San Giovanni del Dosso","MN"
"San Giovanni di Gerace","RC"
"San Giovanni Gemini","AG"
"San Giovanni Ilarione","VR"
"San Giovanni in Croce","CR"
"San Giovanni in Fiore","CS"
"San Giovanni in Galdo","CB"
"San Giovanni in Marignano","RN"
"San Giovanni in Persiceto","BO"
"San Giovanni Incarico","FR"
"San Giovanni la Punta","CT"
"San Giovanni Lipioni","CH"
"San Giovanni Lupatoto","VR"
"San Giovanni Rotondo","FG"
"San Giovanni Suergiu","CI"
"San Giovanni Teatino","CH"
"San Giovanni Valdarno","AR"
"San Giuliano del Sannio","CB"
"San Giuliano di Puglia","CB"
"San Giuliano Milanese","MI"
"San Giuliano Terme","PI"
"San Giuseppe Jato","PA"
"San Giuseppe Vesuviano","NA"
"San Giustino","PG"
"San Giusto Canavese","TO"
"San Godenzo","FI"
"San Gregorio da Sassola","RM"
"San Gregorio di Catania","CT"
"San Gregorio d'Ippona","VV"
"San Gregorio Magno","SA"
"San Gregorio Matese","CE"
"San Gregorio nelle Alpi","BL"
"San Lazzaro di Savena","BO"
"San Leo","RN"
"San Leonardo","UD"
"San Leonardo in Passiria","BZ"
"San Leucio del Sannio","BN"
"San Lorenzello","BN"
"San Lorenzo","RC"
"San Lorenzo al Mare","IM"
"San Lorenzo Bellizzi","CS"
"San Lorenzo del Vallo","CS"
"San Lorenzo di Sebato","BZ"
"San Lorenzo in Banale","TN"
"San Lorenzo in Campo","PU"
"San Lorenzo Isontino","GO"
"San Lorenzo Maggiore","BN"
"San Lorenzo Nuovo","VT"
"San Luca","RC"
"San Lucido","CS"
"San Lupo","BN"
"San Mango d'Aquino","CZ"
"San Mango Piemonte","SA"
"San Mango sul Calore","AV"
"San Marcellino","CE"
"San Marcello","AN"
"San Marcello Pistoiese","PT"
"San Marco Argentano","CS"
"San Marco D'Alunzio","ME"
"San Marco dei Cavoti","BN"
"San Marco Evangelista","CE"
"San Marco in Lamis","FG"
"San Marco la Catola","FG"
"San Martino al Tagliamento","PN"
"San Martino Alfieri","AT"
"San Martino Buon Albergo","VR"
"San Martino Canavese","TO"
"San Martino d'Agri","PZ"
"San Martino dall'Argine","MN"
"San Martino del Lago","CR"
"San Martino di Finita","CS"
"San Martino di Lupari","PD"
"San Martino di Venezze","RO"
"San Martino in Badia","BZ"
"San Martino in Passiria","BZ"
"San Martino in Pensilis","CB"
"San Martino in Rio","RE"
"San Martino in Strada","LO"
"San Martino Sannita","BN"
"San Martino Siccomario","PV"
"San Martino sulla Marrucina","CH"
"San Martino Valle Caudina","AV"
"San Marzano di San Giuseppe","TA"
"San Marzano Oliveto","AT"
"San Marzano sul Sarno","SA"
"San Massimo","CB"
"San Maurizio Canavese","TO"
"San Maurizio d'Opaglio","NO"
"San Mauro Castelverde","PA"
"San Mauro Cilento","SA"
"San Mauro di Saline","VR"
"San Mauro Forte","MT"
"San Mauro La Bruca","SA"
"San Mauro Marchesato","KR"
"San Mauro Pascoli","FC"
"San Mauro Torinese","TO"
"San Michele al Tagliamento","VE"
"San Michele all'Adige","TN"
"San Michele di Ganzaria","CT"
"San Michele di Serino","AV"
"San Michele Mondovì","CN"
"San Michele Salentino","BR"
"San Miniato","PI"
"San Nazario","VI"
"San Nazzaro","BN"
"San Nazzaro Sesia","NO"
"San Nazzaro Val Cavargna","CO"
"San Nicandro Garganico","FG"
"San Nicola Arcella","CS"
"San Nicola Baronia","AV"
"San Nicola da Crissa","VV"
"San Nicola dell'Alto","KR"
"San Nicola la Strada","CE"
"San Nicola Manfredi","BN"
"San Nicolò d'Arcidano","OR"
"San Nicolò di Comelico","BL"
"San Nicolò Gerrei","CA"
"San Pancrazio","BZ"
"San Pancrazio Salentino","BR"
"San Paolo","BS"
"San Paolo Albanese","PZ"
"San Paolo Bel Sito","NA"
"San Paolo Cervo","BI"
"San Paolo d'Argon","BG"
"San Paolo di Civitate","FG"
"San Paolo di Jesi","AN"
"San Paolo Solbrito","AT"
"San Pellegrino Terme","BG"
"San Pier d'Isonzo","GO"
"San Pier Niceto","ME"
"San Piero a Sieve","FI"
"San Piero Patti","ME"
"San Pietro a Maida","CZ"
"San Pietro al Natisone","UD"
"San Pietro al Tanagro","SA"
"San Pietro Apostolo","CZ"
"San Pietro Avellana","IS"
"San Pietro Clarenza","CT"
"San Pietro di Cadore","BL"
"San Pietro di Caridà","RC"
"San Pietro di Feletto","TV"
"San Pietro di Morubio","VR"
"San Pietro in Amantea","CS"
"San Pietro in Cariano","VR"
"San Pietro in Casale","BO"
"San Pietro in Cerro","PC"
"San Pietro in Gu","PD"
"San Pietro in Guarano","CS"
"San Pietro in Lama","LE"
"San Pietro Infine","CE"
"San Pietro Mosezzo","NO"
"San Pietro Mussolino","VI"
"San Pietro Val Lemina","TO"
"San Pietro Vernotico","BR"
"San Pietro Viminario","PD"
"San Pio delle Camere","AQ"
"San Polo dei Cavalieri","RM"
"San Polo d'Enza","RE"
"San Polo di Piave","TV"
"San Polo Matese","CB"
"San Ponso","TO"
"San Possidonio","MO"
"San Potito Sannitico","CE"
"San Potito Ultra","AV"
"San Prisco","CE"
"San Procopio","RC"
"San Prospero","MO"
"San Quirico d'Orcia","SI"
"San Quirino","PN"
"San Raffaele Cimena","TO"
"San Roberto","RC"
"San Rocco al Porto","LO"
"San Romano in Garfagnana","LU"
"San Rufo","SA"
"San Salvatore di Fitalia","ME"
"San Salvatore Monferrato","AL"
"San Salvatore Telesino","BN"
"San Salvo","CH"
"San Sebastiano al Vesuvio","NA"
"San Sebastiano Curone","AL"
"San Sebastiano da Po","TO"
"San Secondo di Pinerolo","TO"
"San Secondo Parmense","PR"
"San Severino Lucano","PZ"
"San Severino Marche","MC"
"San Severo","FG"
"San Siro","CO"
"San Sossio Baronia","AV"
"San Sostene","CZ"
"San Sosti","CS"
"San Sperate","CA"
"San Tammaro","CE"
"San Teodoro","ME"
"San Teodoro","OT"
"San Tomaso Agordino","BL"
"San Valentino in Abruzzo Citeriore","PE"
"San Valentino Torio","SA"
"San Venanzo","TR"
"San Vendemiano","TV"
"San Vero Milis","OR"
"San Vincenzo","LI"
"San Vincenzo la Costa","CS"
"San Vincenzo Valle Roveto","AQ"
"San Vitaliano","NA"
"San Vito","CA"
"San Vito al Tagliamento","PN"
"San Vito al Torre","UD"
"San Vito Chietino","CH"
"San Vito dei Normanni","BR"
"San Vito di Cadore","BL"
"San Vito di Fagagna","UD"
"San Vito di Leguzzano","VI"
"San Vito Lo Capo","TP"
"San Vito Romano","RM"
"San Vito sullo Ionio","CZ"
"San Vittore del Lazio","FR"
"San Vittore Olona","MI"
"San Zeno di Montagna","VR"
"San Zeno Naviglio","BS"
"San Zenone al Lambro","MI"
"San Zenone al Po","PV"
"San Zenone degli Ezzelini","TV"
"Sanarica","LE"
"Sandigliano","BI"
"Sandrigo","VI"
"Sanfrè","CN"
"Sanfront","CN"
"Sangano","TO"
"Sangiano","VA"
"Sangineto","CS"
"Sanguinetto","VR"
"Sanluri","VS"
"Sannazzaro de' Burgondi","PV"
"Sannicandro di Bari","BA"
"Sannicola","LE"
"Sanremo","IM"
"Sansepolcro","AR"
"Santa Brigida","BG"
"Santa Caterina Albanese","CS"
"Santa Caterina dello Ionio","CZ"
"Santa Caterina Villarmosa","CL"
"Santa Cesarea Terme","LE"
"Santa Cristina d'Aspromonte","RC"
"Santa Cristina e Bissone","PV"
"Santa Cristina Gela","PA"
"Santa Cristina Valgardena","BZ"
"Santa Croce Camerina","RG"
"Santa Croce del Sannio","BN"
"Santa Croce di Magliano","CB"
"Santa Croce sull'Arno","PI"
"Santa Domenica Talao","CS"
"Santa Domenica Vittoria","ME"
"Santa Elisabetta","AG"
"Santa Fiora","GR"
"Santa Flavia","PA"
"Santa Giuletta","PV"
"Santa Giusta","OR"
"Santa Giustina","BL"
"Santa Giustina in Colle","PD"
"Santa Luce","PI"
"Santa Lucia del Mela","ME"
"Santa Lucia di Piave","TV"
"Santa Lucia di Serino","AV"
"Santa Margherita d'Adige","PD"
"Santa Margherita di Belice","AG"
"Santa Margherita di Staffora","PV"
"Santa Margherita Ligure","GE"
"Santa Maria a Monte","PI"
"Santa Maria a Vico","CE"
"Santa Maria Capua Vetere","CE"
"Santa Maria Coghinas","SS"
"Santa Maria del Cedro","CS"
"Santa Maria del Molise","IS"
"Santa Maria della Versa","PV"
"Santa Maria di Licodia","CT"
"Santa Maria di Sala","VE"
"Santa Maria Hoè","LC"
"Santa Maria Imbaro","CH"
"Santa Maria la Carità","NA"
"Santa Maria La Fossa","CE"
"Santa Maria La Longa","UD"
"Santa Maria Maggiore","VB"
"Santa Maria Nuova","AN"
"Santa Marina","SA"
"Santa Marina Salina","ME"
"Santa Marinella","RM"
"Santa Ninfa","TP"
"Santa Paolina","AV"
"Santa Severina","KR"
"Santa Sofia","FC"
"Santa Sofia D'Epiro","CS"
"Santa Teresa di Riva","ME"
"Santa Teresa Gallura","OT"
"Santa Venerina","CT"
"Santa Vittoria d'Alba","CN"
"Santa Vittoria in Matenano","FM"
"Santadi","CI"
"Sant'Agapito","IS"
"Sant'Agata Bolognese","BO"
"Sant'Agata De' Goti","BN"
"Sant'Agata del Bianco","RC"
"Sant'Agata di Esaro","CS"
"Sant'Agata di Militello","ME"
"Sant'Agata di Puglia","FG"
"Sant'Agata Feltria","RN"
"Sant'Agata Fossili","AL"
"Sant'Agata Li Battiati","CT"
"Sant'Agata sul Santerno","RA"
"Sant'Agnello","NA"
"Sant'Agostino","FE"
"Sant'Albano Stura","CN"
"Sant'Alessio con Vialone","PV"
"Sant'Alessio in Aspromonte","RC"
"Sant'Alessio Siculo","ME"
"Sant'Alfio","CT"
"Sant'Ambrogio di Torino","TO"
"Sant'Ambrogio di Valpolicella","VR"
"Sant'Ambrogio sul Garigliano","FR"
"Sant'Anastasia","NA"
"Sant'Anatolia di Narco","PG"
"Sant'Andrea Apostolo dello Ionio","CZ"
"Sant'Andrea del Garigliano","FR"
"Sant'Andrea di Conza","AV"
"Sant'Andrea Frius","CA"
"Sant'Angelo a Cupolo","BN"
"Sant'Angelo a Fasanella","SA"
"Sant'Angelo a Scala","AV"
"Sant'Angelo all'Esca","AV"
"Sant'Angelo d'Alife","CE"
"Sant'Angelo dei Lombardi","AV"
"Sant'Angelo del Pesco","IS"
"Sant'Angelo di Brolo","ME"
"Sant'Angelo di Piove di Sacco","PD"
"Sant'Angelo in Lizzola","PU"
"Sant'Angelo in Pontano","MC"
"Sant'Angelo in Vado","PU"
"Sant'Angelo Le Fratte","PZ"
"Sant'Angelo Limosano","CB"
"Sant'Angelo Lodigiano","LO"
"Sant'Angelo Lomellina","PV"
"Sant'Angelo Muxaro","AG"
"Sant'Angelo Romano","RM"
"Sant'Anna Arresi","CI"
"Sant'Anna d'Alfaedo","VR"
"Sant'Antimo","NA"
"Sant'Antioco","CI"
"Sant'Antonino di Susa","TO"
"Sant'Antonio Abate","NA"
"Sant'Antonio di Gallura","OT"
"Sant'Apollinare","FR"
"Sant'Arcangelo","PZ"
"Santarcangelo di Romagna","RN"
"Sant'Arcangelo Trimonte","BN"
"Sant'Arpino","CE"
"Sant'Arsenio","SA"
"Sante Marie","AQ"
"Sant'Egidio alla Vibrata","TE"
"Sant'Egidio del Monte Albino","SA"
"Sant'Elena","PD"
"Sant'Elena Sannita","IS"
"Sant'Elia a Pianisi","CB"
"Sant'Elia Fiumerapido","FR"
"Sant'Elpidio a Mare","FM"
"Santena","TO"
"Santeramo in Colle","BA"
"Sant'Eufemia a Maiella","PE"
"Sant'Eufemia d'Aspromonte","RC"
"Sant'Eusanio del Sangro","CH"
"Sant'Eusanio Forconese","AQ"
"Santhià","VC"
"Santi Cosma e Damiano","LT"
"Sant'Ilario dello Ionio","RC"
"Sant'Ilario d'Enza","RE"
"Sant'Ippolito","PU"
"Santo Stefano al Mare","IM"
"Santo Stefano Belbo","CN"
"Santo Stefano d'Aveto","GE"
"Santo Stefano del Sole","AV"
"Santo Stefano di Cadore","BL"
"Santo Stefano di Camastra","ME"
"Santo Stefano di Magra","SP"
"Santo Stefano di Rogliano","CS"
"Santo Stefano di Sessanio","AQ"
"Santo Stefano in Aspromonte","RC"
"Santo Stefano Lodigiano","LO"
"Santo Stefano Quisquina","AG"
"Santo Stefano Roero","CN"
"Santo Stefano Ticino","MI"
"Santo Stino di Livenza","VE"
"Sant'Olcese","GE"
"Santomenna","SA"
"Sant'Omero","TE"
"Sant'Omobono Terme","BG"
"Sant'Onofrio","VV"
"Santopadre","FR"
"Sant'Oreste","RM"
"Santorso","VI"
"Sant'Orsola Terme","TN"
"Santu Lussurgiu","OR"
"Sant'Urbano","PD"
"Sanza","SA"
"Sanzeno","TN"
"Saonara","PD"
"Saponara","ME"
"Sappada","BL"
"Sapri","SA"
"Saracena","CS"
"Saracinesco","RM"
"Sarcedo","VI"
"Sarconi","PZ"
"Sardara","VS"
"Sardigliano","AL"
"Sarego","VI"
"Sarentino","BZ"
"Sarezzano","AL"
"Sarezzo","BS"
"Sarmato","PC"
"Sarmede","TV"
"Sarnano","MC"
"Sarnico","BG"
"Sarno","SA"
"Sarnonico","TN"
"Saronno","VA"
"Sarre","AO"
"Sarroch","CA"
"Sarsina","FC"
"Sarteano","SI"
"Sartirana Lomellina","PV"
"Sarule","NU"
"Sarzana","SP"
"Sassano","SA"
"Sassari","SS"
"Sassello","SV"
"Sassetta","LI"
"Sassinoro","BN"
"Sasso di Castalda","PZ"
"Sasso Marconi","BO"
"Sassocorvaro","PU"
"Sassofeltrio","PU"
"Sassoferrato","AN"
"Sassuolo","MO"
"Satriano","CZ"
"Satriano di Lucania","PZ"
"Sauris","UD"
"Sauze di Cesana","TO"
"Sauze d'Oulx","TO"
"Sava","TA"
"Savelli","KR"
"Saviano","NA"
"Savigliano","CN"
"Savignano Irpino","AV"
"Savignano sul Panaro","MO"
"Savignano sul Rubicone","FC"
"Savigno","BO"
"Savignone","GE"
"Saviore dell'Adamello","BS"
"Savoca","ME"
"Savogna","UD"
"Savogna d'Isonzo","GO"
"Savoia di Lucania","PZ"
"Savona","SV"
"Scafa","PE"
"Scafati","SA"
"Scagnello","CN"
"Scala","SA"
"Scala Coeli","CS"
"Scaldasole","PV"
"Scalea","CS"
"Scalenghe","TO"
"Scaletta Zanclea","ME"
"Scampitella","AV"
"Scandale","KR"
"Scandiano","RE"
"Scandicci","FI"
"Scandolara Ravara","CR"
"Scandolara Ripa d'Oglio","CR"
"Scandriglia","RI"
"Scanno","AQ"
"Scano di Montiferro","OR"
"Scansano","GR"
"Scanzano Jonico","MT"
"Scanzorosciate","BG"
"Scapoli","IS"
"Scarlino","GR"
"Scarmagno","TO"
"Scarnafigi","CN"
"Scarperia","FI"
"Scena","BZ"
"Scerni","CH"
"Scheggia e Pascelupo","PG"
"Scheggino","PG"
"Schiavi di Abruzzo","CH"
"Schiavon","VI"
"Schignano","CO"
"Schilpario","BG"
"Schio","VI"
"Schivenoglia","MN"
"Sciacca","AG"
"Sciara","PA"
"Scicli","RG"
"Scido","RC"
"Scigliano","CS"
"Scilla","RC"
"Scillato","PA"
"Sciolze","TO"
"Scisciano","NA"
"Sclafani Bagni","PA"
"Scontrone","AQ"
"Scopa","VC"
"Scopello","VC"
"Scoppito","AQ"
"Scordia","CT"
"Scorrano","LE"
"Scorzè","VE"
"Scurcola Marsicana","AQ"
"Scurelle","TN"
"Scurzolengo","AT"
"Seborga","IM"
"Secinaro","AQ"
"Seclì","LE"
"Secugnago","LO"
"Sedegliano","UD"
"Sedico","BL"
"Sedilo","OR"
"Sedini","SS"
"Sedriano","MI"
"Sedrina","BG"
"Sefro","MC"
"Segariu","VS"
"Seggiano","GR"
"Segni","RM"
"Segonzano","TN"
"Segrate","MI"
"Segusino","TV"
"Selargius","CA"
"Selci","RI"
"Selegas","CA"
"Sellano","PG"
"Sellero","BS"
"Sellia","CZ"
"Sellia Marina","CZ"
"Selva dei Molini","BZ"
"Selva di Cadore","BL"
"Selva di Progno","VR"
"Selva di Val Gardena","BZ"
"Selvazzano Dentro","PD"
"Selve Marcone","BI"
"Selvino","BG"
"Semestene","SS"
"Semiana","PV"
"Seminara","RC"
"Semproniano","GR"
"Senago","MI"
"Senales","BZ"
"Senale-San Felice","BZ"
"Seneghe","OR"
"Senerchia","AV"
"Seniga","BS"
"Senigallia","AN"
"Senis","OR"
"Senise","PZ"
"Senna Comasco","CO"
"Senna Lodigiana","LO"
"Sennariolo","OR"
"Sennori","SS"
"Senorbì","CA"
"Sepino","CB"
"Seppiana","VB"
"Sequals","PN"
"Seravezza","LU"
"Serdiana","CA"
"Seregno","MB"
"Seren del Grappa","BL"
"Sergnano","CR"
"Seriate","BG"
"Serina","BG"
"Serino","AV"
"Serle","BS"
"Sermide","MN"
"Sermoneta","LT"
"Sernaglia della Battaglia","TV"
"Sernio","SO"
"Serole","AT"
"Serra d'Aiello","CS"
"Serra de' Conti","AN"
"Serra Pedace","CS"
"Serra Riccò","GE"
"Serra San Bruno","VV"
"Serra San Quirico","AN"
"Serra Sant'Abbondio","PU"
"Serracapriola","FG"
"Serradifalco","CL"
"Serralunga d'Alba","CN"
"Serralunga di Crea","AL"
"Serramanna","VS"
"Serramazzoni","MO"
"Serramezzana","SA"
"Serramonacesca","PE"
"Serrapetrona","MC"
"Serrara Fontana","NA"
"Serrastretta","CZ"
"Serrata","RC"
"Serravalle a Po","MN"
"Serravalle di Chienti","MC"
"Serravalle Langhe","CN"
"Serravalle Pistoiese","PT"
"Serravalle Scrivia","AL"
"Serravalle Sesia","VC"
"Serre","SA"
"Serrenti","VS"
"Serri","CA"
"Serrone","FR"
"Serrungarina","PU"
"Sersale","CZ"
"Servigliano","FM"
"Sessa Aurunca","CE"
"Sessa Cilento","SA"
"Sessame","AT"
"Sessano del Molise","IS"
"Sesta Godano","SP"
"Sestino","AR"
"Sesto","BZ"
"Sesto al Reghena","PN"
"Sesto Calende","VA"
"Sesto Campano","IS"
"Sesto ed Uniti","CR"
"Sesto Fiorentino","FI"
"Sesto San Giovanni","MI"
"Sestola","MO"
"Sestri Levante","GE"
"Sestriere","TO"
"Sestu","CA"
"Settala","MI"
"Settefrati","FR"
"Settime","AT"
"Settimo Milanese","MI"
"Settimo Rottaro","TO"
"Settimo San Pietro","CA"
"Settimo Torinese","TO"
"Settimo Vittone","TO"
"Settingiano","CZ"
"Setzu","VS"
"Seui","OG"
"Seulo","CA"
"Seveso","MB"
"Sezzadio","AL"
"Sezze","LT"
"Sfruz","TN"
"Sgonico","TS"
"Sgurgola","FR"
"Siamaggiore","OR"
"Siamanna","OR"
"Siano","SA"
"Siapiccia","OR"
"Sicignano degli Alburni","SA"
"Siculiana","AG"
"Siddi","VS"
"Siderno","RC"
"Siena","SI"
"Sigillo","PG"
"Signa","FI"
"Silandro","BZ"
"Silanus","NU"
"Silea","TV"
"Siligo","SS"
"Siliqua","CA"
"Silius","CA"
"Sillano","LU"
"Sillavengo","NO"
"Silvano d'Orba","AL"
"Silvano Pietra","PV"
"Silvi","TE"
"Simala","OR"
"Simaxis","OR"
"Simbario","VV"
"Simeri Crichi","CZ"
"Sinagra","ME"
"Sinalunga","SI"
"Sindia","NU"
"Sini","OR"
"Sinio","CN"
"Siniscola","NU"
"Sinnai","CA"
"Sinopoli","RC"
"Siracusa","SR"
"Sirignano","AV"
"Siris","OR"
"Sirmione","BS"
"Sirolo","AN"
"Sirone","LC"
"Siror","TN"
"Sirtori","LC"
"Sissa","PR"
"Siurgus Donigala","CA"
"Siziano","PV"
"Sizzano","NO"
"Sluderno","BZ"
"Smarano","TN"
"Smerillo","FM"
"Soave","VR"
"Socchieve","UD"
"Soddì","OR"
"Sogliano al Rubicone","FC"
"Sogliano Cavour","LE"
"Soglio","AT"
"Soiano del Lago","BS"
"Solagna","VI"
"Solarino","SR"
"Solaro","MI"
"Solarolo","RA"
"Solarolo Rainerio","CR"
"Solarussa","OR"
"Solbiate","CO"
"Solbiate Arno","VA"
"Solbiate Olona","VA"
"Soldano","IM"
"Soleminis","CA"
"Solero","AL"
"Solesino","PD"
"Soleto","LE"
"Solferino","MN"
"Soliera","MO"
"Solignano","PR"
"Solofra","AV"
"Solonghello","AL"
"Solopaca","BN"
"Solto Collina","BG"
"Solza","BG"
"Somaglia","LO"
"Somano","CN"
"Somma Lombardo","VA"
"Somma Vesuviana","NA"
"Sommacampagna","VR"
"Sommariva del Bosco","CN"
"Sommariva Perno","CN"
"Sommatino","CL"
"Sommo","PV"
"Sona","VR"
"Soncino","CR"
"Sondalo","SO"
"Sondrio","SO"
"Songavazzo","BG"
"Sonico","BS"
"Sonnino","LT"
"Soprana","BI"
"Sora","FR"
"Soraga","TN"
"Soragna","PR"
"Sorano","GR"
"Sorbo San Basile","CZ"
"Sorbo Serpico","AV"
"Sorbolo","PR"
"Sordevolo","BI"
"Sordio","LO"
"Soresina","CR"
"Sorgà","VR"
"Sorgono","NU"
"Sori","GE"
"Sorianello","VV"
"Soriano Calabro","VV"
"Soriano nel Cimino","VT"
"Sorico","CO"
"Soriso","NO"
"Sorisole","BG"
"Sormano","CO"
"Sorradile","OR"
"Sorrento","NA"
"Sorso","SS"
"Sortino","SR"
"Sospiro","CR"
"Sospirolo","BL"
"Sossano","VI"
"Sostegno","BI"
"Sotto il Monte Giovanni XXIII","BG"
"Sover","TN"
"Soverato","CZ"
"Sovere","BG"
"Soveria Mannelli","CZ"
"Soveria Simeri","CZ"
"Soverzene","BL"
"Sovicille","SI"
"Sovico","MB"
"Sovizzo","VI"
"Sovramonte","BL"
"Sozzago","NO"
"Spadafora","ME"
"Spadola","VV"
"Sparanise","CE"
"Sparone","TO"
"Specchia","LE"
"Spello","PG"
"Spera","TN"
"Sperlinga","EN"
"Sperlonga","LT"
"Sperone","AV"
"Spessa","PV"
"Spezzano Albanese","CS"
"Spezzano della Sila","CS"
"Spezzano Piccolo","CS"
"Spiazzo","TN"
"Spigno Monferrato","AL"
"Spigno Saturnia","LT"
"Spilamberto","MO"
"Spilimbergo","PN"
"Spilinga","VV"
"Spinadesco","CR"
"Spinazzola","BT"
"Spinea","VE"
"Spineda","CR"
"Spinete","CB"
"Spineto Scrivia","AL"
"Spinetoli","AP"
"Spino d'Adda","CR"
"Spinone al Lago","BG"
"Spinoso","PZ"
"Spirano","BG"
"Spoleto","PG"
"Spoltore","PE"
"Spongano","LE"
"Spormaggiore","TN"
"Sporminore","TN"
"Spotorno","SV"
"Spresiano","TV"
"Spriana","SO"
"Squillace","CZ"
"Squinzano","LE"
"Staffolo","AN"
"Stagno Lombardo","CR"
"Staiti","RC"
"Stalettì","CZ"
"Stanghella","PD"
"Staranzano","GO"
"Statte","TA"
"Stazzano","AL"
"Stazzema","LU"
"Stazzona","CO"
"Stefanaconi","VV"
"Stella","SV"
"Stella Cilento","SA"
"Stellanello","SV"
"Stelvio","BZ"
"Stenico","TN"
"Sternatia","LE"
"Stezzano","BG"
"Stia","AR"
"Stienta","RO"
"Stigliano","MT"
"Stignano","RC"
"Stilo","RC"
"Stimigliano","RI"
"Stintino","SS"
"Stio","SA"
"Stornara","FG"
"Stornarella","FG"
"Storo","TN"
"Stra","VE"
"Stradella","PV"
"Strambinello","TO"
"Strambino","TO"
"Strangolagalli","FR"
"Stregna","UD"
"Strembo","TN"
"Stresa","VB"
"Strevi","AL"
"Striano","NA"
"Strigno","TN"
"Strona","BI"
"Stroncone","TR"
"Strongoli","KR"
"Stroppiana","VC"
"Stroppo","CN"
"Strozza","BG"
"Sturno","AV"
"Suardi","PV"
"Subbiano","AR"
"Subiaco","RM"
"Succivo","CE"
"Sueglio","LC"
"Suelli","CA"
"Suello","LC"
"Suisio","BG"
"Sulbiate","MB"
"Sulmona","AQ"
"Sulzano","BS"
"Sumirago","VA"
"Summonte","AV"
"Suni","OR"
"Suno","NO"
"Supersano","LE"
"Supino","FR"
"Surano","LE"
"Surbo","LE"
"Susa","TO"
"Susegana","TV"
"Sustinente","MN"
"Sutera","CL"
"Sutri","VT"
"Sutrio","UD"
"Suvereto","LI"
"Suzzara","MN"
"Taceno","LC"
"Tadasuni","OR"
"Taggia","IM"
"Tagliacozzo","AQ"
"Taglio di Po","RO"
"Tagliolo Monferrato","AL"
"Taibon Agordino","BL"
"Taino","VA"
"Taio","TN"
"Taipana","UD"
"Talamello","RN"
"Talamona","SO"
"Talana","OG"
"Taleggio","BG"
"Talla","AR"
"Talmassons","UD"
"Tambre","BL"
"Taormina","ME"
"Tarano","RI"
"Taranta Peligna","CH"
"Tarantasca","CN"
"Taranto","TA"
"Tarcento","UD"
"Tarquinia","VT"
"Tarsia","CS"
"Tartano","SO"
"Tarvisio","UD"
"Tarzo","TV"
"Tassarolo","AL"
"Tassullo","TN"
"Taurano","AV"
"Taurasi","AV"
"Taurianova","RC"
"Taurisano","LE"
"Tavagnacco","UD"
"Tavagnasco","TO"
"Tavarnelle Val di Pesa","FI"
"Tavazzano con Villavesco","LO"
"Tavenna","CB"
"Taverna","CZ"
"Tavernerio","CO"
"Tavernola Bergamasca","BG"
"Tavernole sul Mella","BS"
"Taviano","LE"
"Tavigliano","BI"
"Tavoleto","PU"
"Tavullia","PU"
"Teana","PZ"
"Teano","CE"
"Teggiano","SA"
"Teglio","SO"
"Teglio Veneto","VE"
"Telese Terme","BN"
"Telgate","BG"
"Telti","OT"
"Telve","TN"
"Telve di Sopra","TN"
"Tempio Pausania","OT"
"Temù","BS"
"Tenna","TN"
"Tenno","TN"
"Teolo","PD"
"Teor","UD"
"Teora","AV"
"Teramo","TE"
"Terdobbiate","NO"
"Terelle","FR"
"Terento","BZ"
"Terenzo","PR"
"Tergu","SS"
"Terlago","TN"
"Terlano","BZ"
"Terlizzi","BA"
"Terme Vigliatore","ME"
"Termeno sulla Strada del Vino","BZ"
"Termini Imerese","PA"
"Termoli","CB"
"Ternate","VA"
"Ternengo","BI"
"Terni","TR"
"Terno d'Isola","BG"
"Terracina","LT"
"Terragnolo","TN"
"Terralba","OR"
"Terranova da Sibari","CS"
"Terranova dei Passerini","LO"
"Terranova di Pollino","PZ"
"Terranova Sappo Minulio","RC"
"Terranuova Bracciolini","AR"
"Terrasini","PA"
"Terrassa Padovana","PD"
"Terravecchia","CS"
"Terrazzo","VR"
"Terres","TN"
"Terricciola","PI"
"Terruggia","AL"
"Tertenia","OG"
"Terzigno","NA"
"Terzo","AL"
"Terzo d'Aquileia","UD"
"Terzolas","TN"
"Terzorio","IM"
"Tesero","TN"
"Tesimo","BZ"
"Tessennano","VT"
"Testico","SV"
"Teti","NU"
"Teulada","CA"
"Teverola","CE"
"Tezze sul Brenta","VI"
"Thiene","VI"
"Thiesi","SS"
"Tiana","NU"
"Ticengo","CR"
"Ticineto","AL"
"Tiggiano","LE"
"Tiglieto","GE"
"Tigliole","AT"
"Tignale","BS"
"Tinnura","OR"
"Tione degli Abruzzi","AQ"
"Tione di Trento","TN"
"Tirano","SO"
"Tires","BZ"
"Tiriolo","CZ"
"Tirolo","BZ"
"Tissi","SS"
"Tito","PZ"
"Tivoli","RM"
"Tizzano Val Parma","PR"
"Toano","RE"
"Tocco Caudio","BN"
"Tocco da Casauria","PE"
"Toceno","VB"
"Todi","PG"
"Toffia","RI"
"Toirano","SV"
"Tolentino","MC"
"Tolfa","RM"
"Tollegno","BI"
"Tollo","CH"
"Tolmezzo","UD"
"Tolve","PZ"
"Tombolo","PD"
"Ton","TN"
"Tonadico","TN"
"Tonara","NU"
"Tonco","AT"
"Tonengo","AT"
"Tonezza del Cimone","VI"
"Tora e Piccilli","CE"
"Torano Castello","CS"
"Torano Nuovo","TE"
"Torbole Casaglia","BS"
"Torcegno","TN"
"Torchiara","SA"
"Torchiarolo","BR"
"Torella dei Lombardi","AV"
"Torella del Sannio","CB"
"Torgiano","PG"
"Torgnon","AO"
"Torino","TO"
"Torino di Sangro","CH"
"Toritto","BA"
"Torlino Vimercati","CR"
"Tornaco","NO"
"Tornareccio","CH"
"Tornata","CR"
"Tornimparte","AQ"
"Torno","CO"
"Tornolo","PR"
"Toro","CB"
"Torpè","NU"
"Torraca","SA"
"Torralba","SS"
"Torrazza Coste","PV"
"Torrazza Piemonte","TO"
"Torrazzo","BI"
"Torre Annunziata","NA"
"Torre Beretti e Castellaro","PV"
"Torre Boldone","BG"
"Torre Bormida","CN"
"Torre Cajetani","FR"
"Torre Canavese","TO"
"Torre d'Arese","PV"
"Torre de' Busi","LC"
"Torre de' Negri","PV"
"Torre De' Passeri","PE"
"Torre de' Picenardi","CR"
"Torre de' Roveri","BG"
"Torre del Greco","NA"
"Torre di Mosto","VE"
"Torre di Ruggiero","CZ"
"Torre di Santa Maria","SO"
"Torre d'Isola","PV"
"Torre Le Nocelle","AV"
"Torre Mondovì","CN"
"Torre Orsaia","SA"
"Torre Pallavicina","BG"
"Torre Pellice","TO"
"Torre San Giorgio","CN"
"Torre San Patrizio","FM"
"Torre Santa Susanna","BR"
"Torreano","UD"
"Torrebelvicino","VI"
"Torrebruna","CH"
"Torrecuso","BN"
"Torreglia","PD"
"Torregrotta","ME"
"Torremaggiore","FG"
"Torrenova","ME"
"Torresina","CN"
"Torretta","PA"
"Torrevecchia Pia","PV"
"Torrevecchia Teatina","CH"
"Torri del Benaco","VR"
"Torri di Quartesolo","VI"
"Torri in Sabina","RI"
"Torriana","RN"
"Torrice","FR"
"Torricella","TA"
"Torricella del Pizzo","CR"
"Torricella in Sabina","RI"
"Torricella Peligna","CH"
"Torricella Sicura","TE"
"Torricella Verzate","PV"
"Torriglia","GE"
"Torrile","PR"
"Torrioni","AV"
"Torrita di Siena","SI"
"Torrita Tiberina","RM"
"Tortolì","OG"
"Tortona","AL"
"Tortora","CS"
"Tortorella","SA"
"Tortoreto","TE"
"Tortorici","ME"
"Torviscosa","UD"
"Toscolano-Maderno","BS"
"Tossicia","TE"
"Tovo di Sant'Agata","SO"
"Tovo San Giacomo","SV"
"Trabia","PA"
"Tradate","VA"
"Tramatza","OR"
"Trambileno","TN"
"Tramonti","SA"
"Tramonti di Sopra","PN"
"Tramonti di Sotto","PN"
"Tramutola","PZ"
"Trana","TO"
"Trani","BT"
"Transacqua","TN"
"Traona","SO"
"Trapani","TP"
"Trappeto","PA"
"Trarego Viggiona","VB"
"Trasacco","AQ"
"Trasaghis","UD"
"Trasquera","VB"
"Tratalias","CI"
"Trausella","TO"
"Travacò Siccomario","PV"
"Travagliato","BS"
"Travedona-Monate","VA"
"Traversella","TO"
"Traversetolo","PR"
"Traves","TO"
"Travesio","PN"
"Travo","PC"
"Trebaseleghe","PD"
"Trebisacce","CS"
"Trecasali","PR"
"Trecase","NA"
"Trecastagni","CT"
"Trecate","NO"
"Trecchina","PZ"
"Trecenta","RO"
"Tredozio","FC"
"Treglio","CH"
"Tregnago","VR"
"Treia","MC"
"Treiso","CN"
"Tremenico","LC"
"Tremestieri Etneo","CT"
"Tremezzo","CO"
"Tremosine","BS"
"Trenta","CS"
"Trentinara","SA"
"Trento","TN"
"Trentola-Ducenta","CE"
"Trenzano","BS"
"Treppo Carnico","UD"
"Treppo Grande","UD"
"Trepuzzi","LE"
"Trequanda","SI"
"Tres","TN"
"Tresana","MS"
"Trescore Balneario","BG"
"Trescore Cremasco","CR"
"Tresigallo","FE"
"Tresivio","SO"
"Tresnuraghes","OR"
"Trevenzuolo","VR"
"Trevi","PG"
"Trevi nel Lazio","FR"
"Trevico","AV"
"Treviglio","BG"
"Trevignano","TV"
"Trevignano Romano","RM"
"Treville","AL"
"Treviolo","BG"
"Treviso","TV"
"Treviso Bresciano","BS"
"Trezzano Rosa","MI"
"Trezzano sul Naviglio","MI"
"Trezzo sull'Adda","MI"
"Trezzo Tinella","CN"
"Trezzone","CO"
"Tribano","PD"
"Tribiano","MI"
"Tribogna","GE"
"Tricarico","MT"
"Tricase","LE"
"Tricerro","VC"
"Tricesimo","UD"
"Trichiana","BL"
"Triei","OG"
"Trieste","TS"
"Triggiano","BA"
"Trigolo","CR"
"Trinità","CN"
"Trinità d'Agultu e Vignola","OT"
"Trinitapoli","BT"
"Trino","VC"
"Triora","IM"
"Tripi","ME"
"Trisobbio","AL"
"Trissino","VI"
"Triuggio","MB"
"Trivento","CB"
"Trivero","BI"
"Trivigliano","FR"
"Trivignano Udinese","UD"
"Trivigno","PZ"
"Trivolzio","PV"
"Trodena nel parco naturale","BZ"
"Trofarello","TO"
"Troia","FG"
"Troina","EN"
"Tromello","PV"
"Trontano","VB"
"Tronzano Lago Maggiore","VA"
"Tronzano Vercellese","VC"
"Tropea","VV"
"Trovo","PV"
"Truccazzano","MI"
"Tubre","BZ"
"Tuenno","TN"
"Tufara","CB"
"Tufillo","CH"
"Tufino","NA"
"Tufo","AV"
"Tuglie","LE"
"Tuili","VS"
"Tula","SS"
"Tuoro sul Trasimeno","PG"
"Turania","RI"
"Turano Lodigiano","LO"
"Turate","CO"
"Turbigo","MI"
"Turi","BA"
"Turri","VS"
"Turriaco","GO"
"Turrivalignani","PE"
"Tursi","MT"
"Tusa","ME"
"Tuscania","VT"
"Ubiale Clanezzo","BG"
"Uboldo","VA"
"Ucria","ME"
"Udine","UD"
"Ugento","LE"
"Uggiano La Chiesa","LE"
"Uggiate-Trevano","CO"
"Ulà Tirso","OR"
"Ulassai","OG"
"Ultimo","BZ"
"Umbertide","PG"
"Umbriatico","KR"
"Urago d'Oglio","BS"
"Uras","OR"
"Urbana","PD"
"Urbania","PU"
"Urbe","SV"
"Urbino","PU"
"Urbisaglia","MC"
"Urgnano","BG"
"Uri","SS"
"Ururi","CB"
"Urzulei","OG"
"Uscio","GE"
"Usellus","OR"
"Usini","SS"
"Usmate Velate","MB"
"Ussana","CA"
"Ussaramanna","VS"
"Ussassai","OG"
"Usseaux","TO"
"Usseglio","TO"
"Ussita","MC"
"Ustica","PA"
"Uta","CA"
"Uzzano","PT"
"Vaccarizzo Albanese","CS"
"Vacone","RI"
"Vacri","CH"
"Vadena","BZ"
"Vado Ligure","SV"
"Vagli Sotto","LU"
"Vaglia","FI"
"Vaglio Basilicata","PZ"
"Vaglio Serra","AT"
"Vaiano","PO"
"Vaiano Cremasco","CR"
"Vaie","TO"
"Vailate","CR"
"Vairano Patenora","CE"
"Vajont","PN"
"Val della Torre","TO"
"Val di Nizza","PV"
"Val di Vizze","BZ"
"Val Masino","SO"
"Val Rezzo","CO"
"Valbondione","BG"
"Valbrembo","BG"
"Valbrevenna","GE"
"Valbrona","CO"
"Valda","TN"
"Valdagno","VI"
"Valdaora","BZ"
"Valdastico","VI"
"Valdengo","BI"
"Valderice","TP"
"Valdidentro","SO"
"Valdieri","CN"
"Valdina","ME"
"Valdisotto","SO"
"Valdobbiadene","TV"
"Valduggia","VC"
"Valeggio","PV"
"Valeggio sul Mincio","VR"
"Valentano","VT"
"Valenza","AL"
"Valenzano","BA"
"Valera Fratta","LO"
"Valfabbrica","PG"
"Valfenera","AT"
"Valfloriana","TN"
"Valfurva","SO"
"Valganna","VA"
"Valgioie","TO"
"Valgoglio","BG"
"Valgrana","CN"
"Valgreghentino","LC"
"Valgrisenche","AO"
"Valguarnera Caropepe","EN"
"Vallada Agordina","BL"
"Vallanzengo","BI"
"Vallarsa","TN"
"Vallata","AV"
"Valle Agricola","CE"
"Valle Aurina","BZ"
"Valle Castellana","TE"
"Valle dell'Angelo","SA"
"Valle di Cadore","BL"
"Valle di Casies","BZ"
"Valle di Maddaloni","CE"
"Valle Lomellina","PV"
"Valle Mosso","BI"
"Valle Salimbene","PV"
"Valle San Nicolao","BI"
"Vallebona","IM"
"Vallecorsa","FR"
"Vallecrosia","IM"
"Valledolmo","PA"
"Valledoria","SS"
"Vallefiorita","CZ"
"Vallelonga","VV"
"Vallelunga Pratameno","CL"
"Vallemaio","FR"
"Vallepietra","RM"
"Vallerano","VT"
"Vallermosa","CA"
"Vallerotonda","FR"
"Vallesaccarda","AV"
"Valleve","BG"
"Valli del Pasubio","VI"
"Vallinfreda","RM"
"Vallio Terme","BS"
"Vallo della Lucania","SA"
"Vallo di Nera","PG"
"Vallo Torinese","TO"
"Valloriate","CN"
"Valmacca","AL"
"Valmadrera","LC"
"Valmala","CN"
"Valmontone","RM"
"Valmorea","CO"
"Valmozzola","PR"
"Valnegra","BG"
"Valpelline","AO"
"Valperga","TO"
"Valprato Soana","TO"
"Valsavarenche","AO"
"Valsecca","BG"
"Valsinni","MT"
"Valsolda","CO"
"Valstagna","VI"
"Valstrona","VB"
"Valtopina","PG"
"Valtorta","BG"
"Valtournenche","AO"
"Valva","SA"
"Valvasone","PN"
"Valverde","PV"
"Valverde","CT"
"Valvestino","BS"
"Vandoies","BZ"
"Vanzaghello","MI"
"Vanzago","MI"
"Vanzone con San Carlo","VB"
"Vaprio d'Adda","MI"
"Vaprio d'Agogna","NO"
"Varallo","VC"
"Varallo Pombia","NO"
"Varano Borghi","VA"
"Varano de' Melegari","PR"
"Varapodio","RC"
"Varazze","SV"
"Varco Sabino","RI"
"Varedo","MB"
"Varena","TN"
"Varenna","LC"
"Varese","VA"
"Varese Ligure","SP"
"Varisella","TO"
"Varmo","UD"
"Varna","BZ"
"Varsi","PR"
"Varzi","PV"
"Varzo","VB"
"Vas","BL"
"Vasanello","VT"
"Vasia","IM"
"Vasto","CH"
"Vastogirardi","IS"
"Vattaro","TN"
"Vauda Canavese","TO"
"Vazzano","VV"
"Vazzola","TV"
"Vecchiano","PI"
"Vedano al Lambro","MB"
"Vedano Olona","VA"
"Veddasca","VA"
"Vedelago","TV"
"Vedeseta","BG"
"Veduggio con Colzano","MB"
"Veggiano","PD"
"Veglie","LE"
"Veglio","BI"
"Vejano","VT"
"Veleso","CO"
"Velezzo Lomellina","PV"
"Velletri","RM"
"Vellezzo Bellini","PV"
"Velo d'Astico","VI"
"Velo Veronese","VR"
"Velturno","BZ"
"Venafro","IS"
"Venaria Reale","TO"
"Venarotta","AP"
"Venasca","CN"
"Venaus","TO"
"Vendone","SV"
"Vendrogno","LC"
"Venegono Inferiore","VA"
"Venegono Superiore","VA"
"Venetico","ME"
"Venezia","VE"
"Veniano","CO"
"Venosa","PZ"
"Venticano","AV"
"Ventimiglia","IM"
"Ventimiglia di Sicilia","PA"
"Ventotene","LT"
"Venzone","UD"
"Verano","BZ"
"Verano Brianza","MB"
"Verbania","VB"
"Verbicaro","CS"
"Vercana","CO"
"Verceia","SO"
"Vercelli","VC"
"Vercurago","LC"
"Verdellino","BG"
"Verdello","BG"
"Verderio Inferiore","LC"
"Verderio Superiore","LC"
"Verduno","CN"
"Vergato","BO"
"Vergemoli","LU"
"Verghereto","FC"
"Vergiate","VA"
"Vermezzo","MI"
"Vermiglio","TN"
"Vernante","CN"
"Vernasca","PC"
"Vernate","MI"
"Vernazza","SP"
"Vernio","PO"
"Vernole","LE"
"Verolanuova","BS"
"Verolavecchia","BS"
"Verolengo","TO"
"Veroli","FR"
"Verona","VR"
"Veronella","VR"
"Verrayes","AO"
"Verrès","AO"
"Verretto","PV"
"Verrone","BI"
"Verrua Po","PV"
"Verrua Savoia","TO"
"Vertemate con Minoprio","CO"
"Vertova","BG"
"Verucchio","RN"
"Veruno","NO"
"Vervio","SO"
"Vervò","TN"
"Verzegnis","UD"
"Verzino","KR"
"Verzuolo","CN"
"Vescovana","PD"
"Vescovato","CR"
"Vesime","AT"
"Vespolate","NO"
"Vessalico","IM"
"Vestenanova","VR"
"Vestignè","TO"
"Vestone","BS"
"Vestreno","LC"
"Vetralla","VT"
"Vetto","RE"
"Vezza d'Alba","CN"
"Vezza d'Oglio","BS"
"Vezzano","TN"
"Vezzano Ligure","SP"
"Vezzano sul Crostolo","RE"
"Vezzi Portio","SV"
"Viadana","MN"
"Viadanica","BG"
"Viagrande","CT"
"Viale","AT"
"Vialfrè","TO"
"Viano","RE"
"Viareggio","LU"
"Viarigi","AT"
"Vibo Valentia","VV"
"Vibonati","SA"
"Vicalvi","FR"
"Vicari","PA"
"Vicchio","FI"
"Vicenza","VI"
"Vico Canavese","TO"
"Vico del Gargano","FG"
"Vico Equense","NA"
"Vico nel Lazio","FR"
"Vicoforte","CN"
"Vicoli","PE"
"Vicolungo","NO"
"Vicopisano","PI"
"Vicovaro","RM"
"Viddalba","SS"
"Vidigulfo","PV"
"Vidor","TV"
"Vidracco","TO"
"Vieste","FG"
"Vietri di Potenza","PZ"
"Vietri sul Mare","SA"
"Viganella","VB"
"Viganò","LC"
"Vigano San Martino","BG"
"Vigarano Mainarda","FE"
"Vigasio","VR"
"Vigevano","PV"
"Viggianello","PZ"
"Viggiano","PZ"
"Viggiù","VA"
"Vighizzolo d'Este","PD"
"Vigliano Biellese","BI"
"Vigliano d'Asti","AT"
"Vignale Monferrato","AL"
"Vignanello","VT"
"Vignate","MI"
"Vignola","MO"
"Vignola-Falesina","TN"
"Vignole Borbera","AL"
"Vignolo","CN"
"Vignone","VB"
"Vigo di Cadore","BL"
"Vigo di Fassa","TN"
"Vigo Rendena","TN"
"Vigodarzere","PD"
"Vigolo","BG"
"Vigolo Vattaro","TN"
"Vigolzone","PC"
"Vigone","TO"
"Vigonovo","VE"
"Vigonza","PD"
"Viguzzolo","AL"
"Villa Agnedo","TN"
"Villa Bartolomea","VR"
"Villa Basilica","LU"
"Villa Biscossi","PV"
"Villa Carcina","BS"
"Villa Castelli","BR"
"Villa Celiera","PE"
"Villa Collemandina","LU"
"Villa Cortese","MI"
"Villa d'Adda","BG"
"Villa d'Almè","BG"
"Villa del Bosco","BI"
"Villa del Conte","PD"
"Villa di Briano","CE"
"Villa di Chiavenna","SO"
"Villa di Serio","BG"
"Villa di Tirano","SO"
"Villa d'Ogna","BG"
"Villa Estense","PD"
"Villa Faraldi","IM"
"Villa Guardia","CO"
"Villa Lagarina","TN"
"Villa Latina","FR"
"Villa Literno","CE"
"Villa Minozzo","RE"
"Villa Poma","MN"
"Villa Rendena","TN"
"Villa San Giovanni","RC"
"Villa San Giovanni in Tuscia","VT"
"Villa San Pietro","CA"
"Villa San Secondo","AT"
"Villa Santa Lucia","FR"
"Villa Santa Lucia degli Abruzzi","AQ"
"Villa Santa Maria","CH"
"Villa Sant'Angelo","AQ"
"Villa Sant'Antonio","OR"
"Villa Santina","UD"
"Villa Santo Stefano","FR"
"Villa Verde","OR"
"Villa Vicentina","UD"
"Villabassa","BZ"
"Villabate","PA"
"Villachiara","BS"
"Villacidro","VS"
"Villadeati","AL"
"Villadose","RO"
"Villadossola","VB"
"Villafalletto","CN"
"Villafranca d'Asti","AT"
"Villafranca di Verona","VR"
"Villafranca in Lunigiana","MS"
"Villafranca Padovana","PD"
"Villafranca Piemonte","TO"
"Villafranca Sicula","AG"
"Villafranca Tirrena","ME"
"Villafrati","PA"
"Villaga","VI"
"Villagrande Strisaili","OG"
"Villalago","AQ"
"Villalba","CL"
"Villalfonsina","CH"
"Villalvernia","AL"
"Villamagna","CH"
"Villamaina","AV"
"Villamar","VS"
"Villamarzana","RO"
"Villamassargia","CI"
"Villamiroglio","AL"
"Villandro","BZ"
"Villanova Biellese","BI"
"Villanova Canavese","TO"
"Villanova d'Albenga","SV"
"Villanova d'Ardenghi","PV"
"Villanova d'Asti","AT"
"Villanova del Battista","AV"
"Villanova del Ghebbo","RO"
"Villanova del Sillaro","LO"
"Villanova di Camposampiero","PD"
"Villanova Marchesana","RO"
"Villanova Mondovì","CN"
"Villanova Monferrato","AL"
"Villanova Monteleone","SS"
"Villanova Solaro","CN"
"Villanova sull'Arda","PC"
"Villanova Truschedu","OR"
"Villanova Tulo","CA"
"Villanovaforru","VS"
"Villanovafranca","VS"
"Villanterio","PV"
"Villanuova sul Clisi","BS"
"Villaperuccio","CI"
"Villapiana","CS"
"Villaputzu","CA"
"Villar Dora","TO"
"Villar Focchiardo","TO"
"Villar Pellice","TO"
"Villar Perosa","TO"
"Villar San Costanzo","CN"
"Villarbasse","TO"
"Villarboit","VC"
"Villareggia","TO"
"Villaricca","NA"
"Villaromagnano","AL"
"Villarosa","EN"
"Villasalto","CA"
"Villasanta","MB"
"Villasimius","CA"
"Villasor","CA"
"Villaspeciosa","CA"
"Villastellone","TO"
"Villata","VC"
"Villaurbana","OR"
"Villavallelonga","AQ"
"Villaverla","VI"
"Villeneuve","AO"
"Villesse","GO"
"Villetta Barrea","AQ"
"Villette","VB"
"Villimpenta","MN"
"Villongo","BG"
"Villorba","TV"
"Vilminore di Scalve","BG"
"Vimercate","MB"
"Vimodrone","MI"
"Vinadio","CN"
"Vinchiaturo","CB"
"Vinchio","AT"
"Vinci","FI"
"Vinovo","TO"
"Vinzaglio","NO"
"Viola","CN"
"Vione","BS"
"Vipiteno","BZ"
"Virgilio","MN"
"Virle Piemonte","TO"
"Visano","BS"
"Vische","TO"
"Visciano","NA"
"Visco","UD"
"Visone","AL"
"Visso","MC"
"Vistarino","PV"
"Vistrorio","TO"
"Vita","TP"
"Viterbo","VT"
"Viticuso","FR"
"Vito d'Asio","PN"
"Vitorchiano","VT"
"Vittoria","RG"
"Vittorio Veneto","TV"
"Vittorito","AQ"
"Vittuone","MI"
"Vitulano","BN"
"Vitulazio","CE"
"Viù","TO"
"Vivaro","PN"
"Vivaro Romano","RM"
"Viverone","BI"
"Vizzini","CT"
"Vizzola Ticino","VA"
"Vizzolo Predabissi","MI"
"Vo'","PD"
"Vobarno","BS"
"Vobbia","GE"
"Vocca","VC"
"Vodo Cadore","BL"
"Voghera","PV"
"Voghiera","FE"
"Vogogna","VB"
"Volano","TN"
"Volla","NA"
"Volongo","CR"
"Volpago del Montello","TV"
"Volpara","PV"
"Volpedo","AL"
"Volpeglino","AL"
"Volpiano","TO"
"Volta Mantovana","MN"
"Voltaggio","AL"
"Voltago Agordino","BL"
"Volterra","PI"
"Voltido","CR"
"Volturara Appula","FG"
"Volturara Irpina","AV"
"Volturino","FG"
"Volvera","TO"
"Vottignasco","CN"
"Zaccanopoli","VV"
"Zafferana Etnea","CT"
"Zagarise","CZ"
"Zagarolo","RM"
"Zambana","TN"
"Zambrone","VV"
"Zandobbio","BG"
"Zanè","VI"
"Zanica","BG"
"Zapponeta","FG"
"Zavattarello","PV"
"Zeccone","PV"
"Zeddiani","OR"
"Zelbio","CO"
"Zelo Buon Persico","LO"
"Zelo Surrigone","MI"
"Zeme","PV"
"Zenevredo","PV"
"Zenson di Piave","TV"
"Zerba","PC"
"Zerbo","PV"
"Zerbolò","PV"
"Zerfaliu","OR"
"Zeri","MS"
"Zermeghedo","VI"
"Zero Branco","TV"
"Zevio","VR"
"Ziano di Fiemme","TN"
"Ziano Piacentino","PC"
"Zibello","PR"
"Zibido San Giacomo","MI"
"Zignago","SP"
"Zimella","VR"
"Zimone","BI"
"Zinasco","PV"
"Zoagli","GE"
"Zocca","MO"
"Zogno","BG"
"Zola Predosa","BO"
"Zoldo Alto","BL"
"Zollino","LE"
"Zone","BS"
"Zoppè di Cadore","BL"
"Zoppola","PN"
"Zovencedo","VI"
"Zubiena","BI"
"Zuccarello","SV"
"Zuclo","TN"
"Zugliano","VI"
"Zuglio","UD"
"Zumaglia","BI"
"Zumpano","CS"
"Zungoli","AV"
"Zungri","VV"