"A 150",28
"A 160",28
"A 170",28
"A 180",28
"A 200",28
"CLA 200",28
"CLA 220",28
"B 170",28
"B 180",28
"B 160",28
"B 200",28
"C 180",28
"C 200",28
"C 220",28
"CLC 200",28
"C 250",28
"E 200",28
"E 220",28
"E 280",28
"E 320",28
"E 250",28
"E 300",28
"CLK 200",28
"CLK 220",28
"CLK 270",28
"CLK 320",28
"S 350",28
"S 320",28
"S 450",28
"R 350",28
"R 300",28
"R 320",28
"CL 500",28
"CLS 350",28
"CLS 250",28
"SLK 200",28
"SLK 350",28
"SL 350",28
"SL 500",28
"GLA 200",28
"GLK 200",28
"GLK 220",28
"GLK 250",28
"G 350",28
"GL 350",28
"GL 450",28
"ML 350",28
"ML 280",28
"ML 300",28
"ML 320",28
"ML 250",28